{"cameraMode":{"drawMode":0,"name":"Shaded","section":"Shading Mode"},"sceneLighting":true,"audioPlay":false,"sceneViewState":{"m_AlwaysRefresh":false,"showFog":true,"showSkybox":true,"showFlares":true,"showImageEffects":true,"showParticleSystems":true,"showVisualEffectGraphs":true,"m_FxEnabled":true},"in2DMode":false,"pivot":{"x":-2.592113971710205,"y":7.987806797027588,"z":32.865989685058597},"rotation":{"x":0.03535940870642662,"y":0.04196089878678322,"z":-0.0014942355919629336,"w":0.9984959959983826},"size":29.69953727722168,"orthographic":false}